Id,Name,Id Hash,Id HASH Decimal,Lottery Ticket Count
GEEN_000_00,Attack Power I,95858B63,2508557155,1
GEEN_000_01,Attack Power II,3D9B8E6F,1033604719,2
GEEN_000_02,Attack Power III,A5B20C3C,2779909180,4
GEEN_000_03,Attack Power IV,102FF7AA,271579050,7
GEEN_000_04,Attack Power V,BE3C851C,3191637276,10
GEEN_000_10,Attack Power I+,EF08F02C,4010340396,3
GEEN_000_11,Attack Power II+,6C788459,1819837529,5
GEEN_000_12,Attack Power III+,F1839306,4051931910,10
GEEN_000_13,Attack Power IV+,922804EF,2452096239,16
GEEN_000_14,Attack Power V+,08DA7279,148533881,27
GEEN_000_20,Attack Power I+,3CC5E451,1019602001,3
GEEN_000_21,Attack Power II+,A6F5982E,2801113134,5
GEEN_000_22,Attack Power III+,867EFFED,2256469997,10
GEEN_000_23,Attack Power IV+,98DFFCA0,2564816032,16
GEEN_000_24,Attack Power V+,2D7F2E70,763309680,27
GEEN_001_00,Health I,A6EE588A,2800638090,1
GEEN_001_01,Health II,C37D080A,3279751178,2
GEEN_001_02,Health III,58FFAEAA,1493151402,4
GEEN_001_03,Health IV,921BB96E,2451290478,7
GEEN_001_04,Health V,5E7EEEC4,1585376964,10
GEEN_001_10,Health I+,B6ADA175,3064832373,3
GEEN_001_11,Health II+,0188E9E3,25749987,5
GEEN_001_12,Health III+,8DBF201A,2378113050,10
GEEN_001_13,Health IV+,89CA4DB0,2311736752,16
GEEN_001_14,Health V+,B5B23F02,3048357634,27
GEEN_001_20,Health I+,3BEED064,1005506660,3
GEEN_001_21,Health II+,D135E07D,3509969021,5
GEEN_001_22,Health III+,9172D000,2440220672,10
GEEN_001_23,Health IV+,D5808F9E,3581972382,16
GEEN_001_24,Health V+,E92EE838,3912165432,27
GEEN_002_00,Dummy011,65B28C9F,1706200223,10
GEEN_002_01,Dummy012,925F70AE,2455728302,10
GEEN_002_02,Dummy013,548AF40A,1418392586,10
GEEN_002_03,Dummy014,D5B573A4,3585438628,10
GEEN_002_04,Dummy015,E37924FE,3816367358,10
GEEN_002_10,Dummy011+,633ECBF6,1665059830,27
GEEN_002_11,Dummy012+,8029A1A2,2150212002,27
GEEN_002_12,Dummy013+,6E1C6EC9,1847357129,27
GEEN_002_13,Dummy014+,FE0CEA3D,4262259261,27
GEEN_002_14,Dummy015+,46C731EC,1187459564,27
GEEN_002_20,Dummy011+,5DD99037,1574539319,27
GEEN_002_21,Dummy012+,0865FE6E,140901998,27
GEEN_002_22,Dummy013+,4B0D5E34,1259167284,27
GEEN_002_23,Dummy014+,75C9DFA5,1976164261,27
GEEN_002_24,Dummy015+,52BBC9B9,1388038585,27
GEEN_003_00,Critical Hit Rate I,82CEA35A,2194580314,1
GEEN_003_01,Critical Hit Rate II,430FB951,1125103953,2
GEEN_003_02,Critical Hit Rate III,D32C0CAF,3542879407,4
GEEN_003_03,Critical Hit Rate IV,F1D9E8DD,4057589981,7
GEEN_003_04,Critical Hit Rate V,A7856A22,2810538530,10
GEEN_003_10,Critical Hit Rate I+,8F2FFE00,2402287104,3
GEEN_003_11,Critical Hit Rate II+,2D8E0E4D,764284493,5
GEEN_003_12,Critical Hit Rate III+,3C4E2FCF,1011757007,10
GEEN_003_13,Critical Hit Rate IV+,8B647510,2338616592,16
GEEN_003_14,Critical Hit Rate V+,459DD2C2,1167971010,27
GEEN_003_20,Critical Hit Rate I+,6FFC5452,1878807634,3
GEEN_003_21,Critical Hit Rate II+,49D00CAF,1238371503,5
GEEN_003_22,Critical Hit Rate III+,31D241E4,835863012,10
GEEN_003_23,Critical Hit Rate IV+,961B274C,2518361932,16
GEEN_003_24,Critical Hit Rate V+,0BB9C188,196723080,27
GEEN_004_00,Stun Power I,0537EF0B,87551755,1
GEEN_004_01,Stun Power II,1E56FE99,509017753,2
GEEN_004_02,Stun Power III,10B32273,280175219,4
GEEN_004_03,Stun Power IV,35A14FC3,899764163,7
GEEN_004_04,Stun Power V,E16E4DD4,3782102484,10
GEEN_004_10,Stun Power I+,0FC3E656,264496726,3
GEEN_004_11,Stun Power II+,5E19150E,1578702094,5
GEEN_004_12,Stun Power III+,E7643634,3882104372,10
GEEN_004_13,Stun Power IV+,C6539CB5,3327368373,16
GEEN_004_14,Stun Power V+,39BEA99B,968796571,27
GEEN_004_20,Stun Power I+,F4DD8A6B,4108159595,3
GEEN_004_21,Stun Power II+,C6B0616D,3333448045,5
GEEN_004_22,Stun Power III+,5DCC1F70,1573658480,10
GEEN_004_23,Stun Power IV+,7F5DDA19,2136857113,16
GEEN_004_24,Stun Power V+,791DA8ED,2031986925,27
GEEN_005_00,Enmity I,54CEFD1C,1422851356,1
GEEN_005_01,Enmity II,45B43024,1169436708,2
GEEN_005_02,Enmity III,062844FD,103302397,4
GEEN_005_03,Enmity IV,35A6BADD,900119261,7
GEEN_005_04,Enmity V,F687B1BB,4136087995,10
GEEN_005_10,Enmity I+,B87C64C5,3095160005,3
GEEN_005_11,Enmity II+,6C943387,1821651847,5
GEEN_005_12,Enmity III+,534B93C2,1397461954,10
GEEN_005_13,Enmity IV+,06260D96,103157142,16
GEEN_005_14,Enmity V+,F22290A6,4062351526,27
GEEN_005_20,Enmity I+,1B813E10,461454864,3
GEEN_005_21,Enmity II+,2B400FAA,725618602,5
GEEN_005_22,Enmity III+,35BD0F81,901582721,10
GEEN_005_23,Enmity IV+,B0AD15DD,2964133341,16
GEEN_005_24,Enmity V+,A3021B5E,2734824286,27
GEEN_006_00,Stamina I,FBF16984,4226902404,1
GEEN_006_01,Stamina II,17974BBA,395791290,2
GEEN_006_02,Stamina III,751228A2,1964124322,4
GEEN_006_03,Stamina IV,BD2CF495,3173840021,7
GEEN_006_04,Stamina V,68B1E888,1756489864,10
GEEN_006_10,Stamina I+,0B55DD64,190176612,3
GEEN_006_11,Stamina II+,661B4D50,1713065296,5
GEEN_006_12,Stamina III+,8A3DCAB1,2319305393,10
GEEN_006_13,Stamina IV+,1A94123D,445911613,16
GEEN_006_14,Stamina V+,4BA4E4AC,1269097644,27
GEEN_006_20,Stamina I+,7D9C105C,2107379804,3
GEEN_006_21,Stamina II+,C77AA05D,3346702429,5
GEEN_006_22,Stamina III+,A931E9FA,2838620666,10
GEEN_006_23,Stamina IV+,7562F00A,1969418250,16
GEEN_006_24,Stamina V+,E8454459,3896853593,27
GEEN_007_00,Dummy036,4761D2B7,1197593271,10
GEEN_007_01,Dummy037,7FBEC2FA,2143208186,10
GEEN_007_02,Dummy038,76D26403,1993499651,10
GEEN_007_03,Dummy039,3656AD7C,911650172,10
GEEN_007_04,Dummy040,56AD95DB,1454216667,10
GEEN_007_10,Dummy036+,02203ED1,35667665,27
GEEN_007_11,Dummy037+,540D6DE4,1410166244,27
GEEN_007_12,Dummy038+,5DD58BB7,1574276023,27
GEEN_007_13,Dummy039+,1EBCEF51,515698513,27
GEEN_007_14,Dummy040+,FB5E8B1A,4217277210,27
GEEN_007_20,Dummy036+,D71291C9,3608318409,27
GEEN_007_21,Dummy037+,7B103FAA,2064662442,27
GEEN_007_22,Dummy038+,FE02CC79,4261596281,27
GEEN_007_23,Dummy039+,921830C9,2451058889,27
GEEN_007_24,Dummy040+,84C10766,2227242854,27
GEEN_008_00,Charged Attack I,D6738E0F,3597897231,1
GEEN_008_01,Charged Attack II,93D9774F,2480502607,2
GEEN_008_02,Charged Attack III,CC5DB833,3428694067,4
GEEN_008_03,Charged Attack IV,4840C322,1212203810,7
GEEN_008_04,Charged Attack V,FB8C743F,4220286015,10
GEEN_008_10,Charged Attack I+,0E87C8D2,243779794,3
GEEN_008_11,Charged Attack II+,45D92C1A,1171860506,5
GEEN_008_12,Charged Attack III+,8F0329FC,2399349244,10
GEEN_008_13,Charged Attack IV+,D0B43CA0,3501472928,16
GEEN_008_14,Charged Attack V+,1CA872E7,480801511,27
GEEN_008_20,Charged Attack I+,E8257487,3894768775,3
GEEN_008_21,Charged Attack II+,0980B80F,159430671,5
GEEN_008_22,Charged Attack III+,95A41365,2510558053,10
GEEN_008_23,Charged Attack IV+,D1B747C5,3518449605,16
GEEN_008_24,Charged Attack V+,02C67F5E,46563166,27
GEEN_009_00,Linked Together I,2014714C,538210636,1
GEEN_009_01,Linked Together II,829EE87B,2191452283,2
GEEN_009_02,Linked Together III,C6A019AE,3332381102,4
GEEN_009_03,Linked Together IV,AF7FB20D,2944381453,7
GEEN_009_04,Linked Together V,19F0455D,435176797,10
GEEN_009_10,Linked Together I+,8C4688E2,2353432802,3
GEEN_009_11,Linked Together II+,92373AF9,2453093113,5
GEEN_009_12,Linked Together III+,D3A40C27,3550743591,10
GEEN_009_13,Linked Together IV+,129E224A,312353354,16
GEEN_009_14,Linked Together V+,BC445153,3158593875,27
GEEN_009_20,Linked Together I+,16199EAE,370777774,3
GEEN_009_21,Linked Together II+,83E94B0C,2213104396,5
GEEN_009_22,Linked Together III+,68D0507A,1758482554,10
GEEN_009_23,Linked Together IV+,D5CA277F,3586795391,16
GEEN_009_24,Linked Together V+,59E5335B,1508193115,27
GEEN_010_00,SBA/Chain Burst Effect+ Common,293483FA,691307514,27
GEEN_010_01,SBA/Chain Burst Effect+,,,
GEEN_010_02,SBA/Chain Burst Effect+ Rare,8BAC2D42,2343316802,27
GEEN_010_03,SBA/Chain Burst Effect+ Epic,26B010CA,649072842,27
GEEN_010_04,SBA/Chain Burst Effect+,,,
GEEN_010_10,SBA/Chain Burst Effect+ Common+,5A9BCCF8,1520159992,27
GEEN_010_11,SBA/Chain Burst Effect+,,,
GEEN_010_12,SBA/Chain Burst Effect+ Rare+,0AC03455,180368469,27
GEEN_010_13,SBA/Chain Burst Effect+ Epic+,C00976DF,3221845727,27
GEEN_010_14,SBA/Chain Burst Effect+,,,
GEEN_010_20,SBA/Chain Burst Effect+ Common+,89233E7E,2300788350,27
GEEN_010_21,SBA/Chain Burst Effect+,,,
GEEN_010_22,SBA/Chain Burst Effect+ Rare+,3B558C64,995462244,27
GEEN_010_23,SBA/Chain Burst Effect+ Epic+,55352A49,1429547593,27
GEEN_010_24,SBA/Chain Burst Effect+,,,
GEEN_011_00,Dummy056,423D47BC,1111312316,10
GEEN_011_01,Dummy057,0332FE66,53673574,10
GEEN_011_02,Dummy058,E28435C7,3800315335,10
GEEN_011_03,Dummy059,7353CEA9,1934872233,10
GEEN_011_04,Dummy060,289F5381,681530241,10
GEEN_011_10,Dummy056+,AB98690E,2878892302,27
GEEN_011_11,Dummy057+,A981110C,2843808012,27
GEEN_011_12,Dummy058+,F9546514,4183057684,27
GEEN_011_13,Dummy059+,3A335623,976442915,27
GEEN_011_14,Dummy060+,7697F0ED,1989669101,27
GEEN_011_20,Dummy056+,44376CEE,1144483054,27
GEEN_011_21,Dummy057+,516F442C,1366246444,27
GEEN_011_22,Dummy058+,BD15A238,3172311608,27
GEEN_011_23,Dummy059+,5264AE1D,1382329885,27
GEEN_011_24,Dummy060+,16302D62,372256098,27
GEEN_012_00,Throw I,7AEBEF91,2062282641,1
GEEN_012_01,Throw II,69BF4AAC,1774144172,2
GEEN_012_02,Throw III,77803875,2004891765,4
GEEN_012_03,Throw IV,842ABBEB,2217393131,7
GEEN_012_04,Throw V,C452AB03,3293752067,10
GEEN_012_10,Throw I+,51163103,1360408835,3
GEEN_012_11,Throw II+,CBE5DC36,3420838966,5
GEEN_012_12,Throw III+,361D44C4,907887812,10
GEEN_012_13,Throw IV+,BC795189,3162067337,16
GEEN_012_14,Throw V+,8CA7D9C1,2359810497,27
GEEN_012_20,Throw I+,3739DB5E,926538590,3
GEEN_012_21,Throw II+,E58BC7DB,3851143131,5
GEEN_012_22,Throw III+,9814E19B,2551505307,10
GEEN_012_23,Throw IV+,F127D45F,4045919327,16
GEEN_012_24,Throw V+,B4ADDDC5,3031293381,27
GEEN_013_00,Critical Damage I,B570D9CA,3044071882,1
GEEN_013_01,Critical Damage II,E9917AC1,3918625473,2
GEEN_013_02,Critical Damage III,B6552BA8,3059035048,4
GEEN_013_03,Critical Damage IV,04D028E3,80750819,7
GEEN_013_04,Critical Damage V,E347B563,3813127523,10
GEEN_013_10,Critical Damage I+,0890882F,143689775,3
GEEN_013_11,Critical Damage II+,B87B2777,3095078775,5
GEEN_013_12,Critical Damage III+,7EFA8C0D,2130349069,10
GEEN_013_13,Critical Damage IV+,5F117445,1594979397,16
GEEN_013_14,Critical Damage V+,630DE5DD,1661855197,27
GEEN_013_20,Critical Damage I+,4E22352D,1310864685,3
GEEN_013_21,Critical Damage II+,1BE87EAD,468221613,5
GEEN_013_22,Critical Damage III+,36F4B48A,922006666,10
GEEN_013_23,Critical Damage IV+,C5B72CE6,3317116134,16
GEEN_013_24,Critical Damage V+,9D3093AE,2637206446,27
GEEN_014_00,Exploiter I,793CFAC5,2034039493,1
GEEN_014_01,Exploiter II,A8DC84BD,2833024189,2
GEEN_014_02,Exploiter III,062ECB15,103729941,4
GEEN_014_03,Exploiter IV,6056E1C7,1616306631,7
GEEN_014_04,Exploiter V,F7707CAC,4151344300,10
GEEN_014_10,Exploiter I+,5DF353C3,1576227779,3
GEEN_014_11,Exploiter II+,482FD699,1211094681,5
GEEN_014_12,Exploiter III+,94F7053C,2499216700,10
GEEN_014_13,Exploiter IV+,1706DB6C,386325356,16
GEEN_014_14,Exploiter V+,12D6F539,316077369,27
GEEN_014_20,Exploiter I+,DDBD7013,3720179731,3
GEEN_014_21,Exploiter II+,D9215E48,3642842696,5
GEEN_014_22,Exploiter III+,AE6C2F04,2926325508,10
GEEN_014_23,Exploiter IV+,2037A9ED,540518893,16
GEEN_014_24,Exploiter V+,BFAA447E,3215606910,27
GEEN_015_00,Dummy076,BE36B65B,3191256667,10
GEEN_015_01,Dummy077,8CF9184C,2365134924,10
GEEN_015_02,Dummy078,FA87BC22,4203199522,10
GEEN_015_03,Dummy079,4C81924C,1283560012,10
GEEN_015_04,Dummy080,9856E5A0,2555831712,10
GEEN_015_10,Dummy076+,78FA1F35,2029657909,27
GEEN_015_11,Dummy077+,220987EC,571049964,27
GEEN_015_12,Dummy078+,8B793E6F,2339978863,27
GEEN_015_13,Dummy079+,6AAB3B97,1789606807,27
GEEN_015_14,Dummy080+,8EA9DB68,2393496424,27
GEEN_015_20,Dummy076+,16A6AD29,380022057,27
GEEN_015_21,Dummy077+,7FCECFFC,2144260092,27
GEEN_015_22,Dummy078+,BC69CBF7,3161050103,27
GEEN_015_23,Dummy079+,A9C99D80,2848562560,27
GEEN_015_24,Dummy080+,1CAD439B,481117083,27
GEEN_016_00,Dummy081,6448614D,1682465101,10
GEEN_016_01,Dummy082,A6729887,2792528007,10
GEEN_016_02,Dummy083,D0E368F1,3504564465,10
GEEN_016_03,Dummy084,9A0FDC3E,2584730686,10
GEEN_016_04,Dummy085,09854DB4,159731124,10
GEEN_016_10,Dummy081+,DCD538F0,3704961264,27
GEEN_016_11,Dummy082+,AEFD8BAF,2935851951,27
GEEN_016_12,Dummy083+,CFFACFBF,3489320895,27
GEEN_016_13,Dummy084+,C99A1C8C,3382320268,27
GEEN_016_14,Dummy085+,7D1DD87B,2099107963,27
GEEN_016_20,Dummy081+,2212A2D0,571646672,27
GEEN_016_21,Dummy082+,7C9AB85A,2090514522,27
GEEN_016_22,Dummy083+,3696C611,915850769,27
GEEN_016_23,Dummy084+,E072BCE9,3765615849,27
GEEN_016_24,Dummy085+,637F35D5,1669281237,27
GEEN_017_00,Combo Finisher I,F7B836F6,4156045046,1
GEEN_017_01,Combo Finisher II,FA3DB1E3,4198347235,2
GEEN_017_02,Combo Finisher III,D959A6D2,3646531282,4
GEEN_017_03,Combo Finisher IV,E0B702C6,3770090182,7
GEEN_017_04,Combo Finisher V,C7D94DC9,3352907209,10
GEEN_017_10,Combo Finisher I+,AD2E0751,2905474897,3
GEEN_017_11,Combo Finisher II+,D6CDD98E,3603814798,5
GEEN_017_12,Combo Finisher III+,28A30205,681771525,10
GEEN_017_13,Combo Finisher IV+,D42DC37C,3559768956,16
GEEN_017_14,Combo Finisher V+,8A967A6E,2325117550,27
GEEN_017_20,Combo Finisher I+,4FDE80AE,1339981998,3
GEEN_017_21,Combo Finisher II+,71B2DA28,1907546664,5
GEEN_017_22,Combo Finisher III+,0E3BE66C,238806636,10
GEEN_017_23,Combo Finisher IV+,13896108,327770376,16
GEEN_017_24,Combo Finisher V+,130508AC,319097004,27
GEEN_018_00,Concentrated Fire I,628DD0DF,1653461215,1
GEEN_018_01,Concentrated Fire II,CBABDB59,3417037657,2
GEEN_018_02,Concentrated Fire III,B2C6F95A,2999384410,4
GEEN_018_03,Concentrated Fire IV,8F1B4DC4,2400931268,7
GEEN_018_04,Concentrated Fire V,3B48E4E7,994632935,10
GEEN_018_10,Concentrated Fire I+,A07BDC96,2692471958,3
GEEN_018_11,Concentrated Fire II+,BC4A3C09,3158981641,5
GEEN_018_12,Concentrated Fire III+,8230B722,2184230690,10
GEEN_018_13,Concentrated Fire IV+,E5D96666,3856229990,16
GEEN_018_14,Concentrated Fire V+,D038F852,3493394514,27
GEEN_018_20,Concentrated Fire I+,9503691B,2500028699,3
GEEN_018_21,Concentrated Fire II+,4B253AC6,1260731078,5
GEEN_018_22,Concentrated Fire III+,439A2D9C,1134177692,10
GEEN_018_23,Concentrated Fire IV+,BB86EF75,3146182517,16
GEEN_018_24,Concentrated Fire V+,B7C4535A,3083096922,27
GEEN_019_00,Dummy096,FAAF91AC,4205810092,10
GEEN_019_01,Dummy097,3371FCFD,863108349,10
GEEN_019_02,Dummy098,BBCA7253,3150606931,10
GEEN_019_03,Dummy099,A837BD6D,2822225261,10
GEEN_019_04,Dummy100,893059C3,2301647299,10
GEEN_019_10,Dummy096+,C7C31668,3351451240,27
GEEN_019_11,Dummy097+,A12E76F4,2704176884,27
GEEN_019_12,Dummy098+,BE3CE0B5,3191660725,27
GEEN_019_13,Dummy099+,E36954D5,3815331029,27
GEEN_019_14,Dummy100+,857B6272,2239455858,27
GEEN_019_20,Dummy096+,AE0928C6,2919835846,27
GEEN_019_21,Dummy097+,89BB5401,2310755329,27
GEEN_019_22,Dummy098+,166AD1B6,376099254,27
GEEN_019_23,Dummy099+,EB1A93B2,3944387506,27
GEEN_019_24,Dummy100+,8A9E86EE,2325645038,27
GEEN_020_00,Damage Cap I,C6B1BBE6,3333536742,1
GEEN_020_01,Damage Cap II,4E988D4F,1318620495,2
GEEN_020_02,Damage Cap III,B60D6796,3054331798,4
GEEN_020_03,Damage Cap IV,D393DA22,3549682210,7
GEEN_020_04,Damage Cap V,EE732781,4000524161,10
GEEN_020_10,Damage Cap I+,AD341007,2905870343,3
GEEN_020_11,Damage Cap II+,77FAE8C2,2012932290,5
GEEN_020_12,Damage Cap III+,F9870AD0,4186376912,10
GEEN_020_13,Damage Cap IV+,0C967A31,211188273,16
GEEN_020_14,Damage Cap V+,B0CB5C64,2966117476,27
GEEN_020_20,Damage Cap I+,8B6C67F0,2339137520,3
GEEN_020_21,Damage Cap II+,96C069D8,2529192408,5
GEEN_020_22,Damage Cap III+,E501B772,3842094962,10
GEEN_020_23,Damage Cap IV+,A1C947C2,2714322882,16
GEEN_020_24,Damage Cap V+,54D8EA04,1423501828,27
GEEN_021_00,Dummy106,5DFA6C32,1576692786,10
GEEN_021_01,Dummy107,D0E41317,3504608023,10
GEEN_021_02,Dummy108,7F351238,2134184504,10
GEEN_021_03,Dummy109,4E3FB4A9,1312797865,10
GEEN_021_04,Dummy110,AA0CB574,2852959604,10
GEEN_021_10,Dummy106+,9350B56F,2471540079,27
GEEN_021_11,Dummy107+,A74EC816,2806958102,27
GEEN_021_12,Dummy108+,461913D6,1176048598,27
GEEN_021_13,Dummy109+,A8521E04,2823953924,27
GEEN_021_14,Dummy110+,F973DF43,4185120579,27
GEEN_021_20,Dummy106+,2D7EDE9C,763289244,27
GEEN_021_21,Dummy107+,20CD3553,550319443,27
GEEN_021_22,Dummy108+,6230B270,1647358576,27
GEEN_021_23,Dummy109+,BCFDF4AE,3170759854,27
GEEN_021_24,Dummy110+,471B54BB,1192973499,27
GEEN_022_00,Dummy111,105B3097,274411671,10
GEEN_022_01,Dummy112,5CACCEEC,1554829036,10
GEEN_022_02,Dummy113,C9C378BF,3385030847,10
GEEN_022_03,Dummy114,77914211,2006008337,10
GEEN_022_04,Dummy115,5.03E+11,503000000000,10
GEEN_022_10,Dummy111+,2BE171B0,736194992,27
GEEN_022_11,Dummy112+,E4ED8651,3840771665,27
GEEN_022_12,Dummy113+,B67D91CB,3061682635,27
GEEN_022_13,Dummy114+,02B52E50,45428304,27
GEEN_022_14,Dummy115+,5E7B1D9B,1585126811,27
GEEN_022_20,Dummy111+,6ECC7FFB,1858895867,27
GEEN_022_21,Dummy112+,254A2EC8,625618632,27
GEEN_022_22,Dummy113+,0D9188D3,227641555,27
GEEN_022_23,Dummy114+,C004BE60,3221536352,27
GEEN_022_24,Dummy115+,641602AB,1679164075,27
GEEN_023_00,Dummy116,04676B4F,73886543,10
GEEN_023_01,Dummy117,52FE8C16,1392413718,10
GEEN_023_02,Dummy118,B1F85C8E,2985843854,10
GEEN_023_03,Dummy119,50598097,1348042903,10
GEEN_023_04,Dummy120,159382F8,361988856,10
GEEN_023_10,Dummy116+,1AD2EF40,450031424,27
GEEN_023_11,Dummy117+,180DA132,403546418,27
GEEN_023_12,Dummy118+,359520D3,898965715,27
GEEN_023_13,Dummy119+,366B010E,912982286,27
GEEN_023_14,Dummy120+,67CA4197,1741308311,27
GEEN_023_20,Dummy116+,8F420286,2403467910,27
GEEN_023_21,Dummy117+,5E6FC843,1584384067,27
GEEN_023_22,Dummy118+,BE64D7E3,3194279907,27
GEEN_023_23,Dummy119+,6FBB72E1,1874555617,27
GEEN_023_24,Dummy120+,9A81B225,2592191013,27
GEEN_024_00,Combo Booster I,905C6D7F,2421976447,1
GEEN_024_01,Combo Booster II,91CC46C0,2446083776,2
GEEN_024_02,Combo Booster III,D657DB39,3596081977,4
GEEN_024_03,Combo Booster IV,17CE9A47,399415879,7
GEEN_024_04,Combo Booster V,7AA335B6,2057516470,10
GEEN_024_10,Combo Booster I+,2C6F3453,745485395,3
GEEN_024_11,Combo Booster II+,5252689F,1381132447,5
GEEN_024_12,Combo Booster III+,71FF966A,1912575594,10
GEEN_024_13,Combo Booster IV+,82903E7E,2190491262,16
GEEN_024_14,Combo Booster V+,A89C98C9,2828835017,27
GEEN_024_20,Combo Booster I+,B6E74772,3068610418,3
GEEN_024_21,Combo Booster II+,CD77D1AA,3447181738,5
GEEN_024_22,Combo Booster III+,9DE27B41,2648865601,10
GEEN_024_23,Combo Booster IV+,F04C2CDC,4031524060,16
GEEN_024_24,Combo Booster V+,6A3B2653,1782261331,27
GEEN_025_00,Dummy126,3A878CF7,981961975,10
GEEN_025_01,Dummy127,69C75DCB,1774673355,10
GEEN_025_02,Dummy128,6C6624B5,1818633397,10
GEEN_025_03,Dummy129,68E1DB79,1759632249,10
GEEN_025_04,Dummy130,80355C45,2150980677,10
GEEN_025_10,Dummy126+,A4BED4DA,2763969754,27
GEEN_025_11,Dummy127+,D579B07C,3581522044,27
GEEN_025_12,Dummy128+,649AC2CE,1687864014,27
GEEN_025_13,Dummy129+,2.0693E+84,2069300000000000000000000000000000000000000000000000000000000000000000000000000000000,27
GEEN_025_14,Dummy130+,815500B4,2169831604,27
GEEN_025_20,Dummy126+,779B00CA,2006646986,27
GEEN_025_21,Dummy127+,1AE31B9F,451091359,27
GEEN_025_22,Dummy128+,C22BABCA,3257641930,27
GEEN_025_23,Dummy129+,D561D0D1,3579957457,27
GEEN_025_24,Dummy130+,E05F02B1,3764322993,27
GEEN_026_00,Dummy131,C4A3B41E,3299062814,10
GEEN_026_01,Dummy132,BC177438,3155653688,10
GEEN_026_02,Dummy133,8E9784BE,2392294590,10
GEEN_026_03,Dummy134,82329749,2184353609,10
GEEN_026_04,Dummy135,7677727,124221223,10
GEEN_026_10,Dummy131+,A21C9DF2,2719784434,27
GEEN_026_11,Dummy132+,8C5053BE,2354074558,27
GEEN_026_12,Dummy133+,813F3975,2168404341,27
GEEN_026_13,Dummy134+,7E22A247,2116198983,27
GEEN_026_14,Dummy135+,A5604D2E,2774551854,27
GEEN_026_20,Dummy131+,D7ABEFCD,3618369485,27
GEEN_026_21,Dummy132+,E4ACB234,3836523060,27
GEEN_026_22,Dummy133+,C105B63B,3238377019,27
GEEN_026_23,Dummy134+,A72FFB21,2804939553,27
GEEN_026_24,Dummy135+,69DB3116,1775972630,27
GEEN_027_00,Tyranny I,79F4FD3E,2046098750,1
GEEN_027_01,Tyranny II,909A3AEB,2426026731,2
GEEN_027_02,Tyranny III,A4204593,2753578387,4
GEEN_027_03,Tyranny IV,DFC20239,3754033721,7
GEEN_027_04,Tyranny V,72735A07,1920162311,10
GEEN_027_10,Tyranny I+,C79BD47F,3348878463,3
GEEN_027_11,Tyranny II+,207B67D1,544958417,5
GEEN_027_12,Tyranny III+,4FFE62E5,1342071525,10
GEEN_027_13,Tyranny IV+,462B27D3,1177233363,16
GEEN_027_14,Tyranny V+,9DC8305D,2647142493,27
GEEN_027_20,Tyranny I+,595AD681,1499125377,3
GEEN_027_21,Tyranny II+,EFEFF6D1,4025480913,5
GEEN_027_22,Tyranny III+,ABC07972,2881517938,10
GEEN_027_23,Tyranny IV+,C19839BD,3247978941,16
GEEN_027_24,Tyranny V+,A492FFAC,2761097132,27
GEEN_028_00,Lucky Charge I,430DF884,1124989060,1
GEEN_028_01,Lucky Charge II,004CDEEC,5037804,2
GEEN_028_02,Lucky Charge III,6786CF44,1736888132,4
GEEN_028_03,Lucky Charge IV,8E5B056B,2388329835,7
GEEN_028_04,Lucky Charge V,9A753E01,2591374849,10
GEEN_028_10,Lucky Charge I+,86E38BAB,2263059371,3
GEEN_028_11,Lucky Charge II+,64245EA7,1680105127,5
GEEN_028_12,Lucky Charge III+,132952C1,321475265,10
GEEN_028_13,Lucky Charge IV+,D32DC086,3542990982,16
GEEN_028_14,Lucky Charge V+,207559B9,544561593,27
GEEN_028_20,Lucky Charge I+,D59E112B,3583906091,3
GEEN_028_21,Lucky Charge II+,274973D7,659125207,5
GEEN_028_22,Lucky Charge III+,811D8A6A,2166196842,10
GEEN_028_23,Lucky Charge IV+,6EC9D6BB,1858721467,16
GEEN_028_24,Lucky Charge V+,8224E6E0,2183456480,27
GEEN_029_00,Injury to Insult I,A4456853,2756012115,1
GEEN_029_01,Injury to Insult II,987968DF,2558093535,2
GEEN_029_02,Injury to Insult III,FFBA8AF0,4290415344,4
GEEN_029_03,Injury to Insult IV,12FBB007,318484487,7
GEEN_029_04,Injury to Insult V,9FE3A10D,2682495245,10
GEEN_029_10,Injury to Insult I+,B9060498,3104179352,3
GEEN_029_11,Injury to Insult II+,F5171CA2,4111932578,5
GEEN_029_12,Injury to Insult III+,D14AA754,3511330644,10
GEEN_029_13,Injury to Insult IV+,75FE50E5,1979601125,16
GEEN_029_14,Injury to Insult V+,F94B6319,4182467353,27
GEEN_029_20,Injury to Insult I+,FF28D126,4280865062,3
GEEN_029_21,Injury to Insult II+,2835E81B,674621467,5
GEEN_029_22,Injury to Insult III+,D259D5D7,3529102807,10
GEEN_029_23,Injury to Insult IV+,F212DB64,4061322084,16
GEEN_029_24,Injury to Insult V+,C37A0842,3279554626,27
GEEN_030_00,Overdrive Assassin I,6F2CF65F,1865217631,1
GEEN_030_01,Overdrive Assassin II,2C95CEE8,748015336,2
GEEN_030_02,Overdrive Assassin III,342143D7,874595287,4
GEEN_030_03,Overdrive Assassin IV,B83FB38E,3091182478,7
GEEN_030_04,Overdrive Assassin V,EEB6C4CC,4004955340,10
GEEN_030_10,Overdrive Assassin I+,F2E371D3,4074992083,3
GEEN_030_11,Overdrive Assassin II+,F3F24C7F,4092742783,5
GEEN_030_12,Overdrive Assassin III+,F40082D6,4093674198,10
GEEN_030_13,Overdrive Assassin IV+,DFD60614,3755345428,16
GEEN_030_14,Overdrive Assassin V+,DC09B8D1,3691624657,27
GEEN_030_20,Overdrive Assassin I+,6B8224EB,1803691243,3
GEEN_030_21,Overdrive Assassin II+,1FFB1AED,536550125,5
GEEN_030_22,Overdrive Assassin III+,1C1123CA,470885322,10
GEEN_030_23,Overdrive Assassin IV+,98AEB873,2561587315,16
GEEN_030_24,Overdrive Assassin V+,3973C1C4,963887556,27
GEEN_031_00,Break Assassin I,E255FAD2,3797285586,1
GEEN_031_01,Break Assassin II,70F6AE03,1895214595,2
GEEN_031_02,Break Assassin III,C8935975,3365099893,4
GEEN_031_03,Break Assassin IV,311D9CB9,824024249,7
GEEN_031_04,Break Assassin V,F7A65030,4154871856,10
GEEN_031_10,Break Assassin I+,2262975,36055413,3
GEEN_031_11,Break Assassin II+,62E18D53,1658948947,5
GEEN_031_12,Break Assassin III+,AE5D5A4F,2925353551,10
GEEN_031_13,Break Assassin IV+,35ACCC3C,900516924,16
GEEN_031_14,Break Assassin V+,5144FE4D,1363476045,27
GEEN_031_20,Break Assassin I+,FE7F1552,4269741394,3
GEEN_031_21,Break Assassin II+,4D50D1FB,1297142267,5
GEEN_031_22,Break Assassin III+,1291F7CA,311556042,10
GEEN_031_23,Break Assassin IV+,0DA193FE,228692990,16
GEEN_031_24,Break Assassin V+,104CD6EA,273471210,27
GEEN_032_00,Dummy161,81A7D3D2,2175259602,10
GEEN_032_01,Dummy162,D81C577D,3625736061,10
GEEN_032_02,Dummy163,E3FE86F1,3825108721,10
GEEN_032_03,Dummy164,89D57A0B,2312469003,10
GEEN_032_04,Dummy165,70E7B02D,1894232109,10
GEEN_032_10,Dummy161+,68698FA9,1751748521,27
GEEN_032_11,Dummy162+,54BD4579,1421690233,27
GEEN_032_12,Dummy163+,2A4833EC,709374956,27
GEEN_032_13,Dummy164+,A56D64D7,2775409879,27
GEEN_032_14,Dummy165+,D77F001A,3615424538,27
GEEN_032_20,Dummy161+,E5E97DF5,3857284597,27
GEEN_032_21,Dummy162+,E4622234,3831636532,27
GEEN_032_22,Dummy163+,24FF25FB,620701179,27
GEEN_032_23,Dummy164+,A47A371A,2759472922,27
GEEN_032_24,Dummy165+,359D5A55,899504725,27
GEEN_033_00,Dummy166,F5313602,4113643010,10
GEEN_033_01,Dummy167,04159ACC,68524748,10
GEEN_033_02,Dummy168,87AA30B8,2276077752,10
GEEN_033_03,Dummy169,57E57438,1474655288,10
GEEN_033_04,Dummy170,C7099959,3339295065,10
GEEN_034_00,Dummy171,5EA1449F,1587627167,10
GEEN_034_01,Dummy172,899B4F7A,2308657018,10
GEEN_034_02,Dummy173,955E96E3,2506004195,10
GEEN_034_03,Dummy174,7F17D9DA,2132269530,10
GEEN_034_04,Dummy175,568C1E96,1452023446,10
GEEN_035_00,Dummy176,778C9832,2005702706,10
GEEN_035_01,Dummy177,42453A5D,1111833181,10
GEEN_035_02,Dummy178,16827415,377648149,10
GEEN_035_03,Dummy179,D3AF0C16,3551464470,10
GEEN_035_04,Dummy180,CC6B7F03,3429596931,10
GEEN_036_00,Garrison I,73E5554F,1944409423,1
GEEN_036_01,Garrison II,DBEBFDAD,3689676205,2
GEEN_036_02,Garrison III,9CB98CC1,2629405889,4
GEEN_036_03,Garrison IV,946481A5,2489614757,7
GEEN_036_04,Garrison V,A224A830,2720311344,10
GEEN_036_23,Garrison IV+,A3578968,2740423016,16
GEEN_036_24,Garrison V+,381BBE64,941342308,27
GEEN_037_00,Dummy186,56FA3911,1459239185,10
GEEN_037_01,Dummy187,14AD0BE1,346885089,10
GEEN_037_02,Dummy188,E7D48F4C,3889467212,10
GEEN_037_03,Dummy189,7B117942,2064742722,10
GEEN_037_04,Dummy190,02BDD0BA,45994170,10
GEEN_038_00,Dummy191,73859526,1938134310,10
GEEN_038_01,Dummy192,521144B6,1376863414,10
GEEN_038_02,Dummy193,141C6F1B,337407771,10
GEEN_038_03,Dummy194,BD6CB6A7,3178018471,10
GEEN_038_04,Dummy195,16ADA364,380478308,10
GEEN_039_00,Dummy196,A17A057F,2709128575,10
GEEN_039_01,Dummy197,C74A2A72,3343526514,10
GEEN_039_02,Dummy198,D28BE8A1,3532384417,10
GEEN_039_03,Dummy199,DF44095A,3745778010,10
GEEN_039_04,Dummy200,2FF67275,804680309,10
GEEN_040_00,Dummy201,212743DD,556221405,10
GEEN_040_01,Dummy202,0CB30027,213057575,10
GEEN_040_02,Dummy203,76231176,1982009718,10
GEEN_040_03,Dummy204,8BF22138,2347901240,10
GEEN_040_04,Dummy205,63CD2C22,1674390562,10
GEEN_041_00,Dummy206,E0345514,3761526036,10
GEEN_041_01,Dummy207,BFC0E154,3217088852,10
GEEN_041_02,Dummy208,23A955CC,598300108,10
GEEN_041_03,Dummy209,D750C74A,3612395338,10
GEEN_041_04,Dummy210,AF468E6C,2940636780,10
GEEN_042_00,Dummy211,A6452039,2789548089,10
GEEN_042_01,Dummy212,73920829,1938950185,10
GEEN_042_02,Dummy213,2216A151,571908433,10
GEEN_042_03,Dummy214,FF9B8C57,4288384087,10
GEEN_042_04,Dummy215,87233B4F,2267233103,10
GEEN_043_00,Dummy216,7563785B,1969453147,10
GEEN_043_01,Dummy217,9645E795,2521163669,10
GEEN_043_02,Dummy218,5F5784FD,1599571197,10
GEEN_043_03,Dummy219,A4A4CF04,2762264324,10
GEEN_043_04,Dummy220,44F58A56,1156942422,10
GEEN_044_00,Stout Heart I,AC2A6983,2888460675,1
GEEN_044_01,Stout Heart II,EEB1D048,4004630600,2
GEEN_044_02,Stout Heart III,B397821A,3013050906,4
GEEN_044_03,Stout Heart IV,420CDB16,1108138774,7
GEEN_044_04,Stout Heart,CB5F29C1,3412011457,10
GEEN_044_24,Stout Heart+,26DDCD39,652070201,27
GEEN_045_00,Guts I,58F63427,1492530215,1
GEEN_045_01,Guts II,D8D6B380,3637949312,2
GEEN_045_02,Guts III,38A9CADF,950651615,4
GEEN_045_03,Guts IV,E53D0E38,3845983800,7
GEEN_045_04,Guts V,BA77B7F2,3128408050,10
GEEN_045_24,Guts V+,91AC1DDD,2443976157,27
GEEN_046_00,Poison Resistance I,B109C429,2970207273,1
GEEN_046_01,Poison Resistance II,96434C8D,2520992909,2
GEEN_046_02,Poison Resistance III,D77EFBC6,3615423430,4
GEEN_046_03,Poison Resistance IV,4A39DC7D,1245305981,7
GEEN_046_04,Poison Resistance V,5C19BBB0,1545190320,10
GEEN_046_24,Poison Resistance V+,176FE02C,393207852,27
GEEN_047_00,Burn Resistance I,3.90175E+12,3901750000000,1
GEEN_047_01,Burn Resistance II,A91BE816,2837178390,2
GEEN_047_02,Burn Resistance III,0F2BB8B2,254523570,4
GEEN_047_03,Burn Resistance IV,3DC4D818,1036310552,7
GEEN_047_04,Burn Resistance V,AC7822A4,2893554340,10
GEEN_047_24,Burn Resistance V+,27F0408A,670056586,27
GEEN_048_00,Dummy241,861FB93E,2250225982,10
GEEN_048_01,Dummy242,CD39FBE7,3443129319,10
GEEN_048_02,Dummy243,0BE2567F,199382655,10
GEEN_048_03,Dummy244,A8FAC471,2835006577,10
GEEN_048_04,Dummy245,4045FF54,1078329172,10
GEEN_049_00,Dummy246,50C4F7F5,1355085813,10
GEEN_049_01,Dummy247,66B0780F,1722841103,10
GEEN_049_02,Dummy248,666ACD1D,1718275357,10
GEEN_049_03,Dummy249,493DA2D7,1228776151,10
GEEN_049_04,Dummy250,43C45E9C,1136942748,10
GEEN_050_00,Dummy251,3FAA0121,1068106017,10
GEEN_050_01,Dummy252,1C18BA29,471382569,10
GEEN_050_02,Dummy253,2B1525FD,722806269,10
GEEN_050_03,Dummy254,68D2612A,1758617898,10
GEEN_050_04,Dummy255,5A581FED,1515724781,10
GEEN_051_00,Sandtomb Resistance I,29BE4772,700335986,1
GEEN_051_01,Sandtomb Resistance II,D626AC9F,3592858783,2
GEEN_051_02,Sandtomb Resistance III,27C62352,667296594,4
GEEN_051_03,Sandtomb Resistance IV,9D65E6B6,2640701110,7
GEEN_051_04,Sandtomb Resistance V,72CBA710,1925949200,10
GEEN_051_24,Sandtomb Resistance V+,614FB550,1632613712,27
GEEN_052_00,Glaciate Resistance I,0F386F8E,255356814,1
GEEN_052_01,Glaciate Resistance II,D7C37871,3619911793,2
GEEN_052_02,Glaciate Resistance III,4EBAA02A,1320853546,4
GEEN_052_03,Glaciate Resistance IV,47B00599,1202718105,7
GEEN_052_04,Glaciate Resistance V,C1A3F47E,3248747646,10
GEEN_052_24,Glaciate Resistance V+,EF70CA76,4017146486,27
GEEN_053_00,Dummy266,7FBCF769,2143090537,10
GEEN_053_01,Dummy267,A6B3D650,2796803664,10
GEEN_053_02,Dummy268,7443837E,1950581630,10
GEEN_053_03,Dummy269,144392F2,339972850,10
GEEN_053_04,Dummy270,E21B8C78,3793456248,10
GEEN_054_00,Dizzy Resistance I,248C0116,613155094,1
GEEN_054_01,Dizzy Resistance II,BF7CA5DB,3212617179,2
GEEN_054_02,Dizzy Resistance III,3F45DBDC,1061542876,4
GEEN_054_03,Dizzy Resistance IV,AA793DE2,2860072418,7
GEEN_054_04,Dizzy Resistance V,2BDFBA94,736082580,10
GEEN_054_24,Dizzy Resistance V+,20BCDB1B,549247771,27
GEEN_055_00,Paralysis Resistance I,D2740E3B,3530821179,1
GEEN_055_01,Paralysis Resistance II,E93B7346,3912987462,2
GEEN_055_02,Paralysis Resistance III,F3C8C676,4090021494,4
GEEN_055_03,Paralysis Resistance IV,197818B7,427301047,7
GEEN_055_04,Paralysis Resistance V,FB9BC6C9,4221290185,10
GEEN_055_24,Paralysis Resistance V+,6AC327A2,1791174562,27
GEEN_056_00,Dummy281,FFA30726,4288874278,10
GEEN_056_01,Dummy282,0E66983D,241604669,10
GEEN_056_02,Dummy283,C9E24169,3387048297,10
GEEN_056_03,Dummy284,D4EF6125,3572457765,10
GEEN_056_04,Dummy285,EA07793A,3926358330,10
GEEN_057_00,Skill Sealed Resistance I,2C958609,747996681,1
GEEN_057_01,Skill Sealed Resistance II,60CABDDB,1623899611,2
GEEN_057_02,Skill Sealed Resistance III,98E88FDF,2565378015,4
GEEN_057_03,Skill Sealed Resistance IV,72946A51,1922329169,7
GEEN_057_04,Skill Sealed Resistance V,3332E18D,858972557,10
GEEN_057_24,Skill Sealed Resistance V+,19CB4EB9,432754361,27
GEEN_058_00,SBA Sealed Resistance I,A1E5C919,2716191001,1
GEEN_058_01,SBA Sealed Resistance II,94B33570,2494772592,2
GEEN_058_02,SBA Sealed Resistance III,E9D3B6CA,3922966218,4
GEEN_058_03,SBA Sealed Resistance IV,57B6D9A5,1471601061,7
GEEN_058_04,SBA Sealed Resistance V,DF4A666E,3746195054,10
GEEN_058_24,SBA Sealed Resistance V+,464099CD,1178638797,27
GEEN_059_00,Dummy296,65D3067E,1708328574,10
GEEN_059_01,Dummy297,0538CBD1,87608273,10
GEEN_059_02,Dummy298,2BBB70DF,733704415,10
GEEN_059_03,Dummy299,BB1FF25C,3139433052,10
GEEN_059_04,Dummy300,786EA3E2,2020516834,10
GEEN_060_00,Improved Guard I,978255EF,2541901295,1
GEEN_060_01,Improved Guard II,76C7EB69,1992813417,2
GEEN_060_02,Improved Guard III,9F741115,2675183893,4
GEEN_060_03,Improved Guard IV,F1691ADC,4050197212,7
GEEN_060_04,Improved Guard V,D6C28E35,3603074613,10
GEEN_060_23,Improved Guard IV+,A110DC1E,2702236702,16
GEEN_060_24,Improved Guard V+,B832E7A7,3090343847,27
GEEN_061_00,Guard Payback I,FBF24912,4226959634,1
GEEN_061_01,Guard Payback II,C349AD51,3276385617,2
GEEN_061_02,Guard Payback III,8B66775A,2338748250,4
GEEN_061_03,Guard Payback IV,24ED29E6,619522534,7
GEEN_061_04,Guard Payback V,A12CCE9B,2704068251,10
GEEN_061_10,Guard Payback I+,3CB7E988,1018685832,3
GEEN_061_11,Guard Payback II+,D4CB7D87,3570105735,5
GEEN_061_12,Guard Payback III+,DD492226,3712557606,10
GEEN_061_13,Guard Payback IV+,FBB938E9,4223219945,16
GEEN_061_14,Guard Payback V+,4DB1FDC1,1303510465,27
GEEN_061_20,Guard Payback I+,41CD7FA1,1103986593,3
GEEN_061_21,Guard Payback II+,BDA8ED0D,3181964557,5
GEEN_061_22,Guard Payback III+,335B55D0,861623760,10
GEEN_061_23,Guard Payback IV+,718F62F7,1905222391,16
GEEN_061_24,Guard Payback V+,522C13B8,1378620344,27
GEEN_062_00,Dummy311,C38D5168,3280818536,10
GEEN_062_01,Dummy312,E8DD8B24,3906833188,10
GEEN_062_02,Dummy313,169F2D9D,379530653,10
GEEN_062_03,Dummy314,446C6A97,1147955863,10
GEEN_062_04,Dummy315,3.3819E+08,338190000,10
GEEN_063_00,Improved Dodge I,E65B7F65,3864756069,1
GEEN_063_01,Improved Dodge II,828C8D24,2190249252,2
GEEN_063_02,Improved Dodge III,6F15005D,1863647325,4
GEEN_063_03,Improved Dodge IV,56345F9F,1446272927,7
GEEN_063_04,Improved Dodge,208AF595,545977749,1
GEEN_063_23,Improved Dodge IV+,817FDE6A,2172640874,16
GEEN_063_24,Improved Dodge+,E89224A1,3901891745,1
GEEN_064_00,Dodge Payback I,4C942ED5,1284779733,1
GEEN_064_01,Dodge Payback II,F4ACCC72,4104965234,2
GEEN_064_02,Dodge Payback III,B20182A7,2986443431,4
GEEN_064_03,Dodge Payback IV,1DF4D351,502584145,7
GEEN_064_04,Dodge Payback V,8456B1A3,2220274083,10
GEEN_064_10,Dodge Payback I+,6DEF71C8,1844408776,3
GEEN_064_11,Dodge Payback II+,39810C9E,964758686,5
GEEN_064_12,Dodge Payback III+,F4A5E0AD,4104511661,10
GEEN_064_13,Dodge Payback IV+,9851FD38,2555510072,16
GEEN_064_14,Dodge Payback V+,60571189,1616318857,27
GEEN_064_20,Dodge Payback I+,FF4FD22D,4283421229,3
GEEN_064_21,Dodge Payback II+,9FF30620,2683504160,5
GEEN_064_22,Dodge Payback III+,364C8E19,910986777,10
GEEN_064_23,Dodge Payback IV+,C275B86F,3262494831,16
GEEN_064_24,Dodge Payback V+,A278238E,2725782414,27
GEEN_065_00,Improved Healing I,F6F3C863,4143171683,1
GEEN_065_01,Improved Healing II,A7F292BF,2817692351,2
GEEN_065_02,Improved Healing III,79D7536F,2044154735,4
GEEN_065_03,Improved Healing IV,DFE82763,3756533603,7
GEEN_065_04,Improved Healing V,E27B1C51,3799718993,10
GEEN_065_24,Improved Healing V+,7E13A72D,2115217197,27
GEEN_066_00,Regen I,728BDA66,1921768038,1
GEEN_066_01,Regen II,4823BBB3,1210301363,2
GEEN_066_02,Regen III,3EDD4C1F,1054690335,4
GEEN_066_03,Regen IV,BE799271,3195638385,7
GEEN_066_04,Regen V,C98DC248,3381510728,10
GEEN_066_24,Regen V+,1E69C3D0,510247888,27
GEEN_067_00,Drain I,2B247EE4,723812068,1
GEEN_067_01,Drain II,0B3A6CC9,188378313,2
GEEN_067_02,Drain III,D3774B13,3547810579,4
GEEN_067_03,Drain IV,F142A66C,4047677036,7
GEEN_067_04,Drain V,D39F1C79,3550420089,10
GEEN_067_24,Drain V+,95C88E4F,2512948815,27
GEEN_068_00,Autorevive I,65150A03,1695877635,1
GEEN_068_01,Autorevive II,90FBB4BF,2432414911,2
GEEN_068_02,Autorevive III,E3103186,3809489286,4
GEEN_068_03,Autorevive IV,F2CBFFD2,4073455570,7
GEEN_068_04,Autorevive V,5EB282C6,1588757190,10
GEEN_068_24,Autorevive V+,2D5F3437,761214007,27
GEEN_069_00,Quick Cooldown I,70336D00,1882418432,1
GEEN_069_01,Quick Cooldown II,735769A7,1935108519,2
GEEN_069_02,Quick Cooldown III,4F500FBF,1330646975,4
GEEN_069_03,Quick Cooldown IV,B2D492A3,3000275619,7
GEEN_069_04,Quick Cooldown V,2CDC1FE0,752623584,10
GEEN_069_24,Quick Cooldown V+,6.5909E+08,659090000,27
GEEN_070_00,Cascade I,D0D61CAA,3503692970,1
GEEN_070_01,Cascade II,AD0A2AE1,2903124705,2
GEEN_070_02,Cascade III,EB73E730,3950241584,4
GEEN_070_03,Cascade IV,268CEDC5,646770117,7
GEEN_070_04,Cascade V,B7F89AC3,3086523075,10
GEEN_070_24,Cascade V+,6FD12E61,1875979873,27
GEEN_071_00,Dummy356,7A4B15DF,2051741151,10
GEEN_071_01,Dummy357,89AFF2FA,2310009594,10
GEEN_071_02,Dummy358,D5366AFA,3577113338,10
GEEN_071_03,Dummy359,5FA6C467,1604764775,10
GEEN_071_04,Dummy360,067FB25C,109032028,10
GEEN_072_00,Uplift I,4F37BE70,1329053296,1
GEEN_072_01,Uplift II,B85C5C3B,3093060667,2
GEEN_072_02,Uplift III,07703A8A,124795530,4
GEEN_072_03,Uplift IV,16216FDD,371290077,7
GEEN_072_04,Uplift V,883380D4,2285076692,10
GEEN_072_24,Uplift V+,E5C9F685,3855218309,27
GEEN_073_00,Potion Hoarder I,687B928E,1752928910,1
GEEN_073_01,Potion Hoarder II,D982AE55,3649220181,2
GEEN_073_02,Potion Hoarder III,C7D124DD,3352372445,4
GEEN_073_03,Potion Hoarder IV,9673ABB9,2524163001,7
GEEN_073_04,Potion Hoarder V,7DEA157B,2112492923,10
GEEN_073_24,Potion Hoarder V+,23C84E82,600329858,27
GEEN_074_00,Dummy371,3E8E24E5,1049502949,10
GEEN_074_01,Dummy372,2F9CFDAB,798817707,10
GEEN_074_02,Dummy373,423B3F62,1111179106,10
GEEN_074_03,Dummy374,3311BBD3,856800211,10
GEEN_074_04,Dummy375,231126CA,588326602,10
GEEN_075_00,Dummy376,AB9BD24A,2879115850,10
GEEN_075_01,Dummy377,D27515BE,3530888638,10
GEEN_075_02,Dummy378,11E4036B,300155755,10
GEEN_075_03,Dummy379,48A6BEC9,1218887369,10
GEEN_075_04,Dummy380,3A5DBCD5,979221717,10
GEEN_076_00,Dummy381,1B657BDE,459635678,10
GEEN_076_01,Dummy382,C6DF57CA,3336525770,10
GEEN_076_02,Dummy383,0F0029EA,251668970,10
GEEN_076_03,Dummy384,57256F0D,1462071053,10
GEEN_076_04,Dummy385,54D04162,1422934370,10
GEEN_077_00,Low Profile I,C1377955,3241638229,1
GEEN_077_01,Low Profile II,7885354A,2021995850,2
GEEN_077_02,Low Profile III,B2B08F0D,2997915405,4
GEEN_077_03,Low Profile IV,CC29955A,3425277274,7
GEEN_077_04,Low Profile V,50B05700,1353733888,10
GEEN_077_24,Low Profile V+,FF2CBCD0,4281122000,27
GEEN_078_00,Provoke I,92B2D85F,2461194335,1
GEEN_078_01,Provoke II,76710852,1987119186,2
GEEN_078_02,Provoke III,7E76F58D,2121725325,4
GEEN_078_03,Provoke IV,4CC406CA,1287915210,7
GEEN_078_04,Provoke V,4E4911FA,1313411578,10
GEEN_078_24,Provoke V+,C63C8DDF,3325857247,27
GEEN_079_00,Fast Learner I,6BA991CD,1806275021,1
GEEN_079_01,Fast Learner II,6.92276E+07,69227600,2
GEEN_079_02,Fast Learner III,F85B6AB0,4166740656,4
GEEN_079_03,Fast Learner IV,100E4B1D,269372189,7
GEEN_079_04,Fast Learner V,E19DE7AE,3785222062,10
GEEN_079_24,Fast Learner V+,D7ABBDCA,3618356682,27
GEEN_080_00,Rupie Tycoon I,99A4B2A7,2577707687,1
GEEN_080_01,Rupie Tycoon II,8D639E0C,2372115980,2
GEEN_080_02,Rupie Tycoon III,E5B58127,3853877543,4
GEEN_080_03,Rupie Tycoon IV,6AB4974C,1790220108,7
GEEN_080_04,Rupie Tycoon V,B8A811ED,3098022381,10
GEEN_080_24,Rupie Tycoon V+,9E62759D,2657252765,27
GEEN_081_00,Dummy406,D8507212,3629150738,10
GEEN_081_01,Dummy407,8910E80F,2299586575,10
GEEN_081_02,Dummy408,635AB384,1666888580,10
GEEN_081_03,Dummy409,32C6E562,851895650,10
GEEN_081_04,Dummy410,A339FAC4,2738485956,10
GEEN_082_00,Dummy411,779D63A5,2006803365,10
GEEN_082_01,Dummy412,90E3BD64,2430844260,10
GEEN_082_02,Dummy413,1DD0526D,500191853,10
GEEN_082_03,Dummy414,55A5A8D8,1436920024,10
GEEN_082_04,Dummy415,D00A502F,3490336815,10
GEEN_082_10,Dummy411+,E6F27B7D,3874651005,27
GEEN_082_11,Dummy412+,20851986,545593734,27
GEEN_082_12,Dummy413+,397A4898,964315288,27
GEEN_082_13,Dummy414+,67C6B9A2,1741076898,27
GEEN_082_14,Dummy415+,EBABC487,3953902727,27
GEEN_082_20,Dummy411+,5D0069E2,1560308194,27
GEEN_082_21,Dummy412+,7C804630,2088781360,27
GEEN_082_22,Dummy413+,DDA27BA8,3718413224,27
GEEN_082_23,Dummy414+,2B4F2917,726608151,27
GEEN_082_24,Dummy415+,A37ECB87,2742995847,27
GEEN_083_00,Skilled Assault I,4B754D3A,1265978682,1
GEEN_083_01,Skilled Assault II,989216CB,2559710923,2
GEEN_083_02,Skilled Assault III,EE25BD8F,3995450767,4
GEEN_083_03,Skilled Assault IV,E1443933,3779344691,7
GEEN_083_04,Skilled Assault V,0E83606D,243490925,10
GEEN_083_10,Skilled Assault I+,EF60ED89,4016106889,3
GEEN_083_11,Skilled Assault II+,3C0D684D,1007511629,5
GEEN_083_12,Skilled Assault III+,17BE4841,398346305,10
GEEN_083_13,Skilled Assault IV+,B17C7207,2977722887,16
GEEN_083_14,Skilled Assault V+,A468A3E8,2758321128,27
GEEN_083_20,Skilled Assault I+,94DD2628,2497521192,3
GEEN_083_21,Skilled Assault II+,B5D4581F,3050592287,5
GEEN_083_22,Skilled Assault III+,EB5F28E0,3948882144,10
GEEN_083_23,Skilled Assault IV+,C0C92D64,3234409828,16
GEEN_083_24,Skilled Assault V+,2A85A4C2,713401538,27
GEEN_084_00,Dummy421,623A707F,1647997055,10
GEEN_084_01,Dummy422,A7EDA9CB,2817370571,10
GEEN_084_02,Dummy423,225F8F62,576687970,10
GEEN_084_03,Dummy424,86C997AB,2261358507,10
GEEN_084_04,Dummy425,C1D0171E,3251640094,10
GEEN_085_00,Aegis I,F50A5FE2,4111097826,1
GEEN_085_01,Aegis II,6130D327,1630589735,2
GEEN_085_02,Aegis III,4B98F53A,1268315450,4
GEEN_085_03,Aegis IV,37E83548,937964872,7
GEEN_085_04,Aegis V,E71B1FE4,3877314532,10
GEEN_085_23,Aegis IV+,72466F3C,1917218620,16
GEEN_085_24,Aegis V+,9C2399DA,2619578842,27
GEEN_086_00,Slow Resistance I,B71DF666,3072194150,1
GEEN_086_01,Slow Resistance II,D5A23569,3584177513,2
GEEN_086_02,Slow Resistance III,39A38B2C,967019308,4
GEEN_086_03,Slow Resistance IV,62FED4F1,1660867825,7
GEEN_086_04,Slow Resistance V,CCD29B2B,3436354347,10
GEEN_086_24,Slow Resistance V+,22115F71,571563889,27
GEEN_087_00,Firm Stance I,91196499,2434360473,1
GEEN_087_01,Firm Stance II,22319F27,573677351,2
GEEN_087_02,Firm Stance III,D4B2ADBA,3568479674,4
GEEN_087_03,Firm Stance IV,958588F6,2508556534,7
GEEN_087_04,Firm Stance V,80DC0FB8,2161905592,10
GEEN_087_24,Firm Stance V+,B1CCC211,2982986257,27
GEEN_088_00,Blight Resistance I,78C6F203,2026304003,1
GEEN_088_01,Blight Resistance II,0BBD27F6,196945910,2
GEEN_088_02,Blight Resistance III,7FB3E3D5,2142495701,4
GEEN_088_03,Blight Resistance IV,6BB655F1,1807111665,7
GEEN_088_04,Blight Resistance V,1727E6B7,388490935,10
GEEN_088_24,Blight Resistance V+,AA45CD2D,2856701229,27
GEEN_089_00,Dummy446,CE8F7E54,3465510484,10
GEEN_089_01,Dummy447,2C2F20F2,741286130,10
GEEN_089_02,Dummy448,F9437B5E,4181949278,10
GEEN_089_03,Dummy449,7877096,126316694,10
GEEN_089_04,Dummy450,91652CB0,2439326896,10
GEEN_089_10,Dummy446+,8A9E7597,2325640599,27
GEEN_089_11,Dummy447+,0B04947E,184849534,27
GEEN_089_12,Dummy448+,8690913C,2257621308,27
GEEN_089_13,Dummy449+,A891C78B,2828126091,27
GEEN_089_14,Dummy450+,8807DA64,2282216036,27
GEEN_089_20,Dummy446+,6666F922,1718024482,27
GEEN_089_21,Dummy447+,8E071669,2382829161,27
GEEN_089_22,Dummy448+,4C9CAD4B,1285336395,27
GEEN_089_23,Dummy449+,9556C4E6,2505491686,27
GEEN_089_24,Dummy450+,7DADFCCB,2108554443,27
GEEN_090_00,Dummy451,64754089,1685405833,10
GEEN_090_01,Dummy452,0C9B7775,211515253,10
GEEN_090_02,Dummy453,51CE69FD,1372482045,10
GEEN_090_03,Dummy454,7F71F1FE,2138173950,10
GEEN_090_04,Dummy455,4E9F51D4,1319064020,10
GEEN_090_10,Dummy451+,5BE0A662,1541449314,27
GEEN_090_11,Dummy452+,2DD179C8,768702920,27
GEEN_090_12,Dummy453+,91D6F4FD,2446783741,27
GEEN_090_13,Dummy454+,DF74DF39,3748978489,27
GEEN_090_14,Dummy455+,7C7E8025,2088665125,27
GEEN_090_20,Dummy451+,51C63EB2,1371946674,27
GEEN_090_21,Dummy452+,2BA1D3B7,732025783,27
GEEN_090_22,Dummy453+,9C19BC55,2618932309,27
GEEN_090_23,Dummy454+,B97C27B7,3111921591,27
GEEN_090_24,Dummy455+,48A1CA74,1218562676,27
GEEN_091_00,Dummy456,0CBD4B8E,213732238,10
GEEN_091_01,Dummy457,366F7B5C,913275740,10
GEEN_091_02,Dummy458,5B3DFA2A,1530788394,10
GEEN_091_03,Dummy459,61D5F1FB,1641411067,10
GEEN_091_04,Dummy460,7FF9FAA5,2147089061,10
GEEN_091_10,Dummy456+,9ECB093A,2664106298,27
GEEN_091_11,Dummy457+,DA7A42E0,3665445600,27
GEEN_091_12,Dummy458+,13AC03EF,330040303,27
GEEN_091_13,Dummy459+,080D49AC,135088556,27
GEEN_091_14,Dummy460+,CA1456D6,3390330582,27
GEEN_091_20,Dummy456+,A19C4C93,2711374995,27
GEEN_091_21,Dummy457+,861154DB,2249282779,27
GEEN_091_22,Dummy458+,EFE5FB83,4024826755,27
GEEN_091_23,Dummy459+,F93ADE42,4181384770,27
GEEN_091_24,Dummy460+,BE55D4C3,3193296067,27
GEEN_092_00,Dummy461,06EA4469,116016233,10
GEEN_092_01,Dummy462,1FD64946,534137158,10
GEEN_092_02,Dummy463,D72DE5C7,3610109383,10
GEEN_092_03,Dummy464,1E3F7564,507475300,10
GEEN_092_04,Dummy465,8B07B741,2332538689,10
GEEN_093_00,Dummy466,4A21A1AD,1243718061,10
GEEN_093_01,Dummy467,A5568253,2773910099,10
GEEN_093_02,Dummy468,0F81EDFD,260173309,10
GEEN_093_03,Dummy469,6A18A86A,1780000874,10
GEEN_093_04,Dummy470,E087A2B6,3766985398,10
GEEN_094_00,Steady Focus I,1AF3D4DC,452187356,1
GEEN_094_01,Steady Focus II,75B8DAD7,1975048919,2
GEEN_094_02,Steady Focus III,7D8FF2EE,2106585838,4
GEEN_094_03,Steady Focus IV,DD5EFF28,3713990440,7
GEEN_094_04,Steady Focus V,ECD324C7,3973260487,10
GEEN_094_24,Steady Focus V+,0B456DEF,189099503,27
GEEN_095_00,Dummy476,CF4A901C,3477770268,10
GEEN_095_01,Dummy477,3AB9360E,985216526,10
GEEN_095_02,Dummy478,842CD083,2217529475,10
GEEN_095_03,Dummy479,ECC76D6E,3972492654,10
GEEN_095_04,Dummy480,211A77EF,555382767,10
GEEN_096_00,Steel Nerves I,EBCC193C,3956021564,1
GEEN_096_01,Steel Nerves II,F47FDA29,4102019625,2
GEEN_096_02,Steel Nerves III,DD12001E,3708944414,4
GEEN_096_03,Steel Nerves IV,A248E5D1,2722686417,7
GEEN_096_04,Steel Nerves V,2D2C99E9,757897705,10
GEEN_096_23,Steel Nerves IV+,77802303,2004886275,16
GEEN_096_24,Steel Nerves V+,EDA2116A,3986821482,27
GEEN_097_00,Dummy486,FD85B825,4253399077,10
GEEN_097_01,Dummy487,FA5F69A1,4200556961,10
GEEN_097_02,Dummy488,527CE8A8,1383917736,10
GEEN_097_03,Dummy489,4C29EEF7,1277816567,10
GEEN_097_04,Dummy490,2476A4F7,611755255,10
GEEN_098_00,Dummy491,CE416D5C,3460394332,10
GEEN_098_01,Dummy492,B82F2E83,3090099843,10
GEEN_098_02,Dummy493,2C6E82B5,745439925,10
GEEN_098_03,Dummy494,9C91AD67,2626792807,10
GEEN_098_04,Dummy495,51C0C0C6,1371586758,10
GEEN_099_00,Dummy496,1FE8E53C,535356732,10
GEEN_099_01,Dummy497,1C94A26E,479502958,10
GEEN_099_02,Dummy498,1FFF87AD,536840109,10
GEEN_099_03,Dummy499,98E1622A,2564907562,10
GEEN_099_04,Dummy500,C30CF523,3272406307,10
GEEN_100_00,Supplements I,1CAA06BD,480904893,1
GEEN_100_01,Supplements II,2FF84069,804798569,2
GEEN_100_02,Supplements III,A99E6B1A,2845731610,4
GEEN_100_03,Supplements IV,F27D1B15,4068285205,7
GEEN_100_04,Supplements V,80CA66ED,2160748269,10
GEEN_101_00,Dummy506,91192FC5,2434346949,10
GEEN_101_01,Dummy507,B0C58F75,2965737333,10
GEEN_101_02,Dummy508,395A3DD9,962215385,10
GEEN_101_03,Dummy509,F6C76D73,4140264819,10
GEEN_101_04,Dummy510,3AC864E5,986211557,10
GEEN_102_00,Dummy511,342E6600,875456000,10
GEEN_102_01,Dummy512,1883E8EE,411298030,10
GEEN_102_02,Dummy513,4D5340B9,1297301689,10
GEEN_102_03,Dummy514,33E5A2BD,870687421,10
GEEN_102_04,Dummy515,813CDBFE,2168249342,10
GEEN_103_00,Natural Defenses I,7A02D857,2047006807,1
GEEN_103_01,Natural Defenses II,8E7374C9,2389931209,2
GEEN_103_02,Natural Defenses III,3420582B,874534955,4
GEEN_103_03,Natural Defenses IV,5EBAB535,1589294389,7
GEEN_103_04,Natural Defenses,F2C84D4F,4073213263,10
GEEN_104_00,Nimble Defense I,A33AF136,2738549046,1
GEEN_104_01,Nimble Defense II,D3538CFD,3545468157,2
GEEN_104_02,Nimble Defense III,4A336D1E,1244884254,4
GEEN_104_03,Nimble Defense IV,BE0F226F,3188662895,7
GEEN_104_04,Nimble Defense V,1A225843,438458435,10
GEEN_104_23,Nimble Defense IV+,B06C66A6,2959894182,16
GEEN_104_24,Nimble Defense V+,A4B849A0,2763540896,27
GEEN_105_00,Dummy526,10AF518C,279925132,10
GEEN_105_01,Dummy527,97598EEA,2539228906,10
GEEN_105_02,Dummy528,1D67FF7B,493354875,10
GEEN_105_03,Dummy529,017F6E0C,25128460,10
GEEN_105_04,Dummy530,A39EDF90,2745098128,10
GEEN_106_00,Nimble Onslaught I,1BF76D02,469200130,1
GEEN_106_01,Nimble Onslaught II,47DA8C35,1205505077,2
GEEN_106_02,Nimble Onslaught III,3644EF2C,910487340,4
GEEN_106_03,Nimble Onslaught IV,81CB6C6B,2177592427,7
GEEN_106_04,Nimble Onslaught V,040549B7,67455415,10
GEEN_106_24,Nimble Onslaught V+,295219F9,693246457,27
GEEN_107_00,Precise Resilience I,C64737E7,3326556135,1
GEEN_107_01,Precise Resilience II,C55F6CDF,3311365343,2
GEEN_107_02,Precise Resilience III,E405ACA0,3825577120,4
GEEN_107_03,Precise Resilience IV,4A36B37F,1245098879,7
GEEN_107_04,Precise Resilience V,E4FC5AF6,3841743606,10
GEEN_107_23,Precise Resilience IV+,5F988136,1603830070,16
GEEN_107_24,Precise Resilience V+,1D3B007A,490406010,27
GEEN_108_00,Dummy541,1C2AFD54,472579412,10
GEEN_108_01,Dummy542,A81FF268,2820665960,10
GEEN_108_02,Dummy543,8A6D762A,2322429482,10
GEEN_108_03,Dummy544,B1921D1B,2979142939,10
GEEN_108_04,Dummy545,9633CB59,2519976793,10
GEEN_109_00,Precise Wrath I,D42A2D77,3559533943,1
GEEN_109_01,Precise Wrath II,4365B3FF,1130738687,2
GEEN_109_02,Precise Wrath III,EB10ACA3,3943738531,4
GEEN_109_03,Precise Wrath IV,F30A86F6,4077553398,7
GEEN_109_04,Precise Wrath V,46ABA3C0,1185653696,10
GEEN_109_24,Precise Wrath V+,CE6C62CF,3463209679,27
GEEN_110_00,Life on the Line I,A70DAF5A,2802691930,1
GEEN_110_01,Life on the Line II,AA941053,2861830227,2
GEEN_110_02,Life on the Line III,E507A543,3842483523,4
GEEN_110_03,Life on the Line IV,1150513C,290476348,7
GEEN_110_04,Life on the Line V,3559988C,895064204,10
GEEN_110_10,Life on the Line I+,6C788DB7,1819839927,3
GEEN_110_11,Life on the Line II+,D77A4A3F,3615115839,5
GEEN_110_12,Life on the Line III+,3564AA4D,895789645,10
GEEN_110_13,Life on the Line IV+,5670AECA,1450225354,16
GEEN_110_14,Life on the Line V+,408CC3B5,1082966965,27
GEEN_110_20,Life on the Line I+,7C5B7FAE,2086371246,3
GEEN_110_21,Life on the Line II+,19A4598E,430201230,5
GEEN_110_22,Life on the Line III+,0DB62B78,230042488,10
GEEN_110_23,Life on the Line IV+,52BD3102,1388130562,16
GEEN_110_24,Life on the Line V+,F610E3B9,4128302009,27
GEEN_111_00,Quick Charge I,BF4D978A,3209533322,1
GEEN_111_01,Quick Charge II,8856F755,2287400789,2
GEEN_111_02,Quick Charge III,1122D016,287494166,4
GEEN_111_03,Quick Charge IV,FF8A608B,4287258763,7
GEEN_111_04,Quick Charge V,0952F945,156432709,10
GEEN_111_10,Quick Charge I+,B2DEE2B6,3000951478,3
GEEN_111_11,Quick Charge II+,AAAB893B,2863368507,5
GEEN_111_12,Quick Charge III+,A8C67937,2831579447,10
GEEN_111_13,Quick Charge IV+,C6E71D09,3337035017,16
GEEN_111_14,Quick Charge V+,7173B93F,1903409471,27
GEEN_111_20,Quick Charge I+,158D506F,361582703,3
GEEN_111_21,Quick Charge II+,01B49F0D,28614413,5
GEEN_111_22,Quick Charge III+,695EBC2E,1767816238,10
GEEN_111_23,Quick Charge IV+,9196A989,2442570121,16
GEEN_111_24,Quick Charge V+,91956B39,2442488633,27
GEEN_112_00,Window of Opportunity I,05947F5C,93618012,1
GEEN_112_01,Window of Opportunity II,F7E0DB3E,4158708542,2
GEEN_112_02,Window of Opportunity III,43AD2A92,1135422098,4
GEEN_112_03,Window of Opportunity IV,E4634FBD,3831713725,7
GEEN_112_04,Window of Opportunity V,8F562E0E,2404789774,10
GEEN_113_00,Sigil Booster I,054F4ACE,89082574,1
GEEN_113_01,Sigil Booster II,CD357780,3442833280,2
GEEN_113_02,Sigil Booster III,4035D98A,1077270922,4
GEEN_113_03,Sigil Booster IV,7B9BB801,2073802753,7
GEEN_113_04,Sigil Booster V,73F80160,1945633120,10
GEEN_114_04,Fearless Drive,0A410BD8,172035032,10
GEEN_114_54,Fearless Spirit,936DFE00,2473459200,10
GEEN_114_64,Fearless Heart,9B2B4B8F,2603305871,10
GEEN_114_90,Fearless Soul+,52A6E299,1386668697,27
GEEN_114_91,Fearless Drive+,33F01810,871372816,27
GEEN_114_92,Fearless Spirit+,380A3CA8,940194984,27
GEEN_114_93,Fearless Heart+,0713D928,118741288,27
GEEN_115_04,Guardian's Conviction,BBF1566E,3153155694,10
GEEN_115_54,Guardian's Honor,BDCC9A89,3184302729,10
GEEN_115_64,Guardian's Warpath,621A2A97,1645882007,10
GEEN_115_90,Guardian's Awakening+,9ADA3E00,2597993984,27
GEEN_115_91,Guardian's Conviction+,522004AB,1377830059,27
GEEN_115_92,Guardian's Honor+,30A3F2EA,816050922,27
GEEN_115_93,Guardian's Warpath+,AC175924,2887211300,27
GEEN_116_04,Helmsman's Navigation,E7062C19,3875941401,10
GEEN_116_54,Helmsman's Tenacity,6D18E7DC,1830348764,10
GEEN_116_64,Helmsman's Warpath,1791546F,395400303,10
GEEN_116_90,Helmsman's Awakening+,98A6D249,2561069641,27
GEEN_116_91,Helmsman's Navigation+,9F08F697,2668164759,27
GEEN_116_92,Helmsman's Tenacity+,D48ABDDA,3565862362,27
GEEN_116_93,Helmsman's Warpath+,BC53CE24,3159608868,27
GEEN_117_04,Mage's Aspiration,3BDBE4B0,1004266672,10
GEEN_117_54,Mage's Savvy,38DE81D2,954106322,10
GEEN_117_64,Mage's Warpath,A441FB51,2755787601,10
GEEN_117_90,Mage's Awakening+,E2B380E5,3803414757,27
GEEN_117_91,Mage's Aspiration+,9D88DEA1,2642992801,27
GEEN_117_92,Mage's Savvy+,F6C0FCA5,4139842725,27
GEEN_117_93,Mage's Warpath+,43F26A91,1139960465,27
GEEN_118_04,Veteran's Insight,FF580AF6,4283960054,10
GEEN_118_54,Veteran's Vision,7739FEBD,2000289469,10
GEEN_118_64,Veteran's Warpath,7C7EC053,2088681555,10
GEEN_118_90,Veteran's Awakening+,1BBE919C,465473948,10
GEEN_118_91,Veteran's Insight+,64D63823,1691760675,10
GEEN_118_92,Veteran's Vision+,05ACA892,95201426,10
GEEN_118_93,Veteran's Warpath+,CAAE3F9C,3400417180,10
GEEN_119_04,Rose's Blooming,01643EF4,23346932,10
GEEN_119_54,Rose's Profusion,72304799,1915766681,10
GEEN_119_64,Rose's Warpath,B1C1200B,2982223883,10
GEEN_119_90,Rose's Awakening+,9BD1CC24,2614217764,27
GEEN_119_91,Rose's Blooming+,01D1A6CE,30516942,27
GEEN_119_92,Rose's Profusion+,21E10EB7,568397495,27
GEEN_119_93,Rose's Warpath+,515E693C,1365141820,27
GEEN_120_04,Phantasm's Concord,FD99311B,4254675227,10
GEEN_120_54,Phantasm's Harmony,212B81F5,556499445,10
GEEN_120_64,Phantasm's Warpath,40738CDD,1081314525,10
GEEN_120_90,Phantasm's Awakening+,B441275D,3024168797,27
GEEN_120_91,Phantasm's Concord+,E073EA65,3765693029,27
GEEN_120_92,Phantasm's Harmony+,BF714A8A,3211872906,27
GEEN_120_93,Phantasm's Warpath+,E496D882,3835091074,27
GEEN_121_04,White Dragon's Oath,56881C69,1451760745,10
GEEN_121_54,White Dragon's Glory,7F7E82AB,2138997419,10
GEEN_121_64,White Dragon's Warpath,E570A041,3849363521,10
GEEN_121_90,White Dragon's Awakening+,E19B1965,3785038181,27
GEEN_121_91,White Dragon's Oath+,85D7B335,2245505845,27
GEEN_121_92,White Dragon's Glory+,B5DA3E80,3050978944,27
GEEN_121_93,White Dragon's Warpath+,8A3819C0,2318932416,27
GEEN_122_04,Hero's Creed,D36CC890,3547121808,10
GEEN_122_54,Hero's Will,39B62087,968237191,10
GEEN_122_64,Hero's Warpath,3D8D9109,1032687881,10
GEEN_122_90,Hero's Awakening+,673C5D8F,1732009359,27
GEEN_122_91,Hero's Creed+,9D5BC5BF,2640037311,27
GEEN_122_92,Hero's Will+,FB9B6DD5,4221267413,27
GEEN_122_93,Hero's Warpath+,A490BADF,2760948447,27
GEEN_123_04,Lord's Procession,462782D5,1176994517,10
GEEN_123_54,Lord's Ambition,753ECF9D,1967050653,10
GEEN_123_64,Lord's Warpath,4D7C8632,1300006450,10
GEEN_123_90,Lord's Awakening+,02472C43,38218819,27
GEEN_123_91,Lord's Procession+,B5725272,3044168306,27
GEEN_123_92,Lord's Ambition+,C06F4708,3228518152,27
GEEN_123_93,Lord's Warpath+,4CDCE25B,1289544283,27
GEEN_124_04,Dragonslayer's Dominance,069046D9,110118617,10
GEEN_124_54,Dragonslayer's Ingenuity,31F91FCF,838410191,1
GEEN_124_64,Dragonslayer's Warpath,450B862C,1158383148,10
GEEN_124_90,Dragonslayer's Awakening+,AB835493,2877510803,27
GEEN_124_91,Dragonslayer's Dominance+,C0B5128E,3233092238,27
GEEN_124_92,Dragonslayer's Ingenuity+,BCEDF060,3169710176,1
GEEN_124_93,Dragonslayer's Warpath+,E21A4170,3793371504,27
GEEN_125_04,Holy Knight's Luster,1ABADC4D,448453709,10
GEEN_125_54,Holy Knight's Grandeur,B2191F16,2987990806,10
GEEN_125_64,Holy Knight's Warpath,34C77091,885485713,10
GEEN_125_90,Holy Knight's Awakening+,AEEF8343,2934932291,27
GEEN_125_91,Holy Knight's Luster+,A0F94F69,2700693353,27
GEEN_125_92,Holy Knight's Grandeur+,7C8580CA,2089124042,27
GEEN_125_93,Holy Knight's Warpath+,4C28585A,1277712474,27
GEEN_126_04,Swordmaster's Prowess,583CF40F,1480389647,10
GEEN_126_54,Swordmaster's Art,645ACEE5,1683672805,10
GEEN_126_64,Swordmaster's Warpath,D4488A1D,3561523741,10
GEEN_126_90,Swordmaster's Awakening+,119B24A8,295380136,27
GEEN_126_91,Swordmaster's Prowess+,E7624711,3881977617,27
GEEN_126_92,Swordmaster's Art+,49651C89,1231363209,27
GEEN_126_93,Swordmaster's Warpath+,76D4716B,1993634155,27
GEEN_127_04,Butterfly's Grace,5FAA08E3,1604978915,10
GEEN_127_54,Butterfly's Valor,7653B159,1985196377,10
GEEN_127_64,Butterfly's Warpath,F719D195,4145664405,10
GEEN_127_90,Butterfly's Awakening+,1A57AEF1,441954033,27
GEEN_127_91,Butterfly's Grace+,B143DAE6,2974014182,27
GEEN_127_92,Butterfly's Valor+,A879208F,2826510479,10
GEEN_127_93,Butterfly's Warpath+,CEF31894,3472038036,27
GEEN_128_04,Eternal Rage's Mettle,11DF14E3,299832547,10
GEEN_128_54,Eternal Rage's Ethos,0DD30EC5,231935685,10
GEEN_128_64,Eternal Rage's Warpath,8.4307E+12,8430700000000,10
GEEN_128_90,Eternal Rage's Awakening+,CE16D68B,3457603211,27
GEEN_128_91,Eternal Rage's Mettle+,7D318FF7,2100400119,27
GEEN_128_92,Eternal Rage's Ethos+,6CCA1FF7,1825185783,27
GEEN_128_93,Eternal Rage's Warpath+,3069C2FE,812237566,27
GEEN_129_04,Founder's Strategy,C66E8203,3329131011,10
GEEN_129_54,Founder's Truth,80CCCD83,2160905603,10
GEEN_129_64,Founder's Warpath,5FB842E4,1605911268,10
GEEN_129_90,Founder's Awakening+,02B1F8C0,45217984,27
GEEN_129_91,Founder's Strategy+,14C58BF1,348490737,27
GEEN_129_92,Founder's Truth+,147DA58B,343778699,27
GEEN_129_93,Founder's Warpath+,66F1B128,1727115560,27
GEEN_130_04,Versalis Foundation,28089A97,671652503,10
GEEN_130_54,Versalis Ignition,855E7713,2237560595,10
GEEN_130_64,Versalis Heart,A9D804D4,2849506516,10
GEEN_130_90,Versalis Soul+,AF8E7E7E,2945351294,10
GEEN_130_91,Versalis Foundation+,B98A0F22,3112832802,10
GEEN_130_92,Versalis Ignition+,EAA911B2,3936948658,10
GEEN_130_93,Versalis Heart+,98E9E6EF,2565465839,10
GEEN_131_04,Crimson's Clout,4C6AD990,1282070928,10
GEEN_131_54,Crimson's Flight,70361EF1,1882595057,10
GEEN_131_64,Crimson's Warpath,6674C639,1718928953,10
GEEN_131_90,Crimson's Awakening+,4F01D6CA,1325520586,27
GEEN_131_91,Crimson's Clout+,B74C207B,3075219579,27
GEEN_131_92,Crimson's Flight+,44D48479,1154778233,27
GEEN_131_93,Crimson's Warpath+,BFDF838C,3219096460,27
GEEN_132_04,Ebony's Presence,696226BB,1768040123,10
GEEN_132_54,Ebony's Poise,803F64BD,2151638205,10
GEEN_132_64,Ebony's Warpath,590C19C8,1493965256,10
GEEN_132_90,Ebony's Awakening+,E4F986D9,3841558233,27
GEEN_132_91,Ebony's Presence+,FB0F9037,4212101175,27
GEEN_132_92,Ebony's Poise+,A59C9613,2778502675,27
GEEN_132_93,Ebony's Warpath+,B3AB43F3,3014345715,27
GEEN_133_02,Fortifying Vigor,ABFA79F2,2885319154,10
GEEN_134_02,Instilling Vigor,56A668B1,1453746353,10
GEEN_135_02,Gilding Vigor,E135A05A,3778388058,10
GEEN_136_00,Held Under Resistance I,237CAA21,595372577,1
GEEN_136_01,Held Under Resistance II,DF8A52FB,3750384379,2
GEEN_136_02,Held Under Resistance III,A44AEFC0,2756374464,4
GEEN_136_03,Held Under Resistance IV,B63E221A,3057525274,7
GEEN_136_04,Held Under Resistance V,CD4B83C7,3444278215,10
GEEN_136_24,Held Under Resistance V+,EF5D0D16,4015852822,27
GEEN_137_00,Darkflame Resistance I,A74C2893,2806786195,1
GEEN_137_01,Darkflame Resistance II,99C83B77,2580036471,2
GEEN_137_02,Darkflame Resistance III,98C33860,2562930784,4
GEEN_137_03,Darkflame Resistance IV,3BCA3FD5,1003110357,7
GEEN_137_04,Darkflame Resistance V,4CC5031D,1287979805,10
GEEN_137_24,Darkflame Resistance V+,D3071D85,3540458885,27
GEEN_138_00,Attack Down Resistance I,7D5C5A42,2103204418,1
GEEN_138_01,Attack Down Resistance II,FCF90349,4244177737,2
GEEN_138_02,Attack Down Resistance III,397A3150,964309328,4
GEEN_138_03,Attack Down Resistance IV,A3210B84,2736851844,7
GEEN_138_04,Attack Down Resistance V,E8B8A474,3904414836,10
GEEN_138_24,Attack Down Resistance V+,7291A3F9,1922147321,27
GEEN_139_00,Defense Down Resistance I,3F8FC674,1066387060,1
GEEN_139_01,Defense Down Resistance II,7E0D082A,2114783274,2
GEEN_139_02,Defense Down Resistance III,4D962F18,1301688088,4
GEEN_139_03,Defense Down Resistance IV,5B939637,1536398903,7
GEEN_139_04,Defense Down Resistance V,82677AAA,2187819690,10
GEEN_139_24,Defense Down Resistance V+,5048C546,1346946374,27
GEEN_140_00,Crabby Resonance,1C4D37E4,474822628,10
GEEN_141_04,Crabvestment Returns,F8FEF304,4177457924,10
GEEN_142_02,Seven Net,F44367CF,4098058191,10
GEEN_144_00,Stronghold I,EBC1FE90,3955359376,1
GEEN_144_01,Stronghold II,2CB6D0D9,750178521,2
GEEN_144_02,Stronghold III,1CEB58AA,485185706,4
GEEN_144_03,Stronghold IV,81742849,2171873353,7
GEEN_144_04,Stronghold V,DED4E384,3738493828,10
GEEN_144_20,Stronghold I+,72118F86,1913753478,3
GEEN_144_21,Stronghold II+,3EDE3CC3,1054751939,5
GEEN_144_22,Stronghold III+,EB105B98,3943717784,10
GEEN_144_23,Stronghold IV+,164E776A,374241130,16
GEEN_144_24,Stronghold V+,D4EBB836,3572217910,27
GEEN_145_00,Power Hungry I,80A6DD30,2158419248,1
GEEN_145_01,Power Hungry II,A576B01B,2776018971,2
GEEN_145_02,Power Hungry III,94C2D5B3,2495796659,4
GEEN_145_03,Power Hungry IV,2D188557,756581719,7
GEEN_145_04,Power Hungry V,0AA7735E,178746206,10
GEEN_145_20,Power Hungry I+,280E1329,672011049,3
GEEN_145_21,Power Hungry II+,7FCCEF02,2144136962,5
GEEN_145_22,Power Hungry III+,14082B75,336079733,10
GEEN_145_23,Power Hungry IV+,0F06D22C,252105260,16
GEEN_145_24,Power Hungry V+,F1CAFFA6,4056612774,27
GEEN_146_04,War Elemental,DA9136A1,3666949793,10
GEEN_146_24,War Elemental+,00612B10,6368016,27
GEEN_147_00,Path to Mastery I,9A341899,2587105433,1
GEEN_147_01,Path to Mastery II,7461BD6D,1952562541,2
GEEN_147_02,Path to Mastery III,2B94D8D6,731175126,4
GEEN_147_03,Path to Mastery IV,120C5D98,302800280,7
GEEN_147_04,Path to Mastery V,82B300F5,2192769269,10
GEEN_147_24,Path to Mastery V+,2E3351E3,775115235,27
GEEN_150_04,Untouchable,2F06AC30,788966448,10
GEEN_150_24,Untouchable+,49745934,1232361780,27
GEEN_151_00,Supplementary Damage I,AE9899C6,2929236422,1
GEEN_151_01,Supplementary Damage II,772601D4,1998979540,2
GEEN_151_02,Supplementary Damage III,0114DD91,18144657,4
GEEN_151_03,Supplementary Damage IV,AAC7A219,2865209881,7
GEEN_151_04,Supplementary Damage V,42BB0C1C,1119554588,10
GEEN_151_20,Supplementary Damage I+,F1B56E13,4055199251,3
GEEN_151_21,Supplementary Damage II+,2E1BDB4A,773577546,5
GEEN_151_22,Supplementary Damage III+,2FD5965C,802526812,10
GEEN_151_23,Supplementary Damage IV+,78B9F5AB,2025452971,16
GEEN_151_24,Supplementary Damage V+,035A4DDD,56249821,27
GEEN_152_00,Less Is More I,0F4A0A62,256510562,1
GEEN_152_01,Less Is More II,2F5ADAC6,794483398,2
GEEN_152_02,Less Is More III,5608EF7E,1443426174,4
GEEN_152_03,Less Is More IV,54D62FDF,1423323103,7
GEEN_152_04,Less Is More V,959C926E,2510066286,10
GEEN_152_20,Less Is More I+,E3FF2E6A,3825151594,3
GEEN_152_21,Less Is More II+,8B105FC8,2333106120,5
GEEN_152_22,Less Is More III+,72D83138,1926771000,10
GEEN_152_23,Less Is More IV+,232147AD,589383597,16
GEEN_152_24,Less Is More V+,533D337B,1396519803,27
GEEN_153_00,Head Start I,758D5322,1972196130,1
GEEN_153_01,Head Start II,8E3F1EC7,2386501319,2
GEEN_153_02,Head Start III,CEE9DD46,3471433030,4
GEEN_153_03,Head Start IV,6F4749AD,1866942893,7
GEEN_153_04,Head Start V,33C89F1C,868785948,10
GEEN_153_20,Head Start I+,B0207B68,2954918760,3
GEEN_153_21,Head Start II+,97927F50,2542960464,5
GEEN_153_22,Head Start III+,AEBFADF5,2931797493,10
GEEN_153_23,Head Start IV+,FEEE9198,4277047704,16
GEEN_153_24,Head Start V+,BE6B6288,3194708616,27
GEEN_154_00,Berserker I,9A59F1EC,2589585900,1
GEEN_154_01,Berserker II,8A108211,2316337681,2
GEEN_154_02,Berserker III,8A9F7374,2325705588,4
GEEN_154_03,Berserker IV,FC1A2561,4229571937,7
GEEN_154_04,Berserker V,2D637D25,761494821,10
GEEN_154_20,Berserker I+,E7279480,3878130816,3
GEEN_154_21,Berserker II+,2C150C6A,739576938,5
GEEN_154_22,Berserker III+,57D2CAF2,1473432306,10
GEEN_154_23,Berserker IV+,0F1E9FF1,253665265,16
GEEN_154_24,Berserker V+,83E5006E,2212823150,27
GEEN_156_04,Potent Greens,6B59242A,1801004074,10
GEEN_156_24,Potent Greens+,4AA48417,1252295703,27
GEEN_157_00,Roll of the Die I,D4FF5785,3573503877,1
GEEN_157_01,Roll of the Die II,3826FF6E,942079854,2
GEEN_157_02,Roll of the Die III,6C0254FC,1812092156,4
GEEN_157_03,Roll of the Die IV,B612E149,3054690633,7
GEEN_157_04,Roll of the Die,0EE1E9D7,249686487,10
GEEN_157_20,Roll of the Die I+,F8BEFC9F,4173266079,3
GEEN_157_21,Roll of the Die II+,0D941DC5,227810757,5
GEEN_157_22,Roll of the Die III+,C285DE21,3263553057,10
GEEN_157_23,Roll of the Die IV+,1EABD22E,514576942,16
GEEN_157_24,Roll of the Die+,B1D40170,2983461232,27
GEEN_158_00,Glass Cannon I,75183BFD,1964522493,1
GEEN_158_01,Glass Cannon II,B694CDD6,3063205334,2
GEEN_158_02,Glass Cannon III,3B03DC0F,990108687,4
GEEN_158_03,Glass Cannon IV,7B8C3E06,2072788486,7
GEEN_158_04,Glass Cannon V,0DB316F8,229840632,10
GEEN_158_20,Glass Cannon I+,D5B71062,3585544290,3
GEEN_158_21,Glass Cannon II+,A86B5418,2825606168,5
GEEN_158_22,Glass Cannon III+,45140AE4,1158941412,10
GEEN_158_23,Glass Cannon IV+,6151F5F6,1632761334,16
GEEN_158_24,Glass Cannon V+,1D409445,490771525,27
GEEN_159_04,Flight over Fight,F3336835,4080232501,10
GEEN_159_24,Flight over Fight+,0A4651BB,172380603,27
GEEN_160_04,Alpha+,921D90D8,2451411160,27
GEEN_161_04,Beta+,EE337FE3,3996352483,27
GEEN_162_04,Gamma+,4438676E,1144547182,27
GEEN_164_00,Crabmiration,82F1E7E4,2196891620,10
GEEN_165_04,Finders Keepers,81DE76A7,2178840231,10
GEEN_166_00,Greater Aegis,F12B5464,4046148708,10
GEEN_166_01,Greater Aegis II,9BAF1D6D,2611944813,2
GEEN_166_02,Greater Aegis III,25CD5873,634214515,4
GEEN_166_03,Greater Aegis IV,70A871D5,1890087381,7
GEEN_166_04,Greater Aegis V,C02E6BEA,3224267754,10
GEEN_166_22,Greater Aegis III+,58A21FB7,1487019959,10
GEEN_166_23,Greater Aegis IV+,8091ACBE,2157030590,16
GEEN_166_24,Greater Aegis V+,6F1D0870,1864173680,27
GEEN_167_04,Auto Potion,FB5092F2,4216361714,10
GEEN_167_24,Auto Potion+,9D4F66D7,2639226583,27
GEEN_168_00,Enhanced Damage,ACA7FB5A,2896690010,10
GEEN_168_01,Enhanced Damage II,83111A4B,2198936139,2
GEEN_168_02,Enhanced Damage III,43088191,1124630929,4
GEEN_168_03,Enhanced Damage IV,73B77D4F,1941405007,7
GEEN_168_04,Enhanced Damage V,23E7990D,602380557,10
GEEN_168_22,Enhanced Damage III+,C6B50FEA,3333754858,10
GEEN_168_23,Enhanced Damage IV+,8BF28309,2347926281,16
GEEN_168_24,Enhanced Damage V+,B5170056,3038183510,27
GEEN_170_04,Spirit Edge's Rally,524DE21C,1380835868,10
GEEN_170_54,Spirit Edge's Fury,37B0783C,934311996,10
GEEN_170_64,Spirit Edge's Warpath,67C1E5E3,1740760547,10
GEEN_170_74,Seven-Star Boundary+,C4DD863A,3302852154,27
GEEN_170_90,Spirit Edge's Awakening+,6AAE4B8F,1789807503,27
GEEN_170_91,Spirit Edge's Rally+,12DFD310,316658448,27
GEEN_170_92,Spirit Edge's Fury+,AE9D89DF,2929560031,27
GEEN_170_93,Spirit Edge's Warpath+,9F72BAE0,2675096288,27
GEEN_171_04,Dark Huntress's Volley,3D5E4678,1029588600,10
GEEN_171_54,Dark Huntress's Surge,872D3AF9,2267888377,10
GEEN_171_64,Dark Huntress's Warpath,B0634504,2959295748,10
GEEN_171_74,Two-Crown Boundary+,43DDE5DD,1138615773,27
GEEN_171_90,Dark Huntress's Awakening+,8ECBB0A3,2395713699,27
GEEN_171_91,Dark Huntress's Volley+,EB4AD96D,3947551085,10
GEEN_171_92,Dark Huntress's Surge+,DBE503C7,3689219015,27
GEEN_171_93,Dark Huntress's Warpath+,AD8CAEFB,2911678203,27
GEEN_172_04,Supreme Primarch's Awe,C9D8BD97,3386424727,10
GEEN_172_54,Supreme Primarch's Nimbus,AB4F7D56,2874113366,10
GEEN_172_64,Supreme Primarch's Warpath,CCE507E7,3437561831,10
GEEN_172_74,Ain+,F1267035,4045828149,27
GEEN_172_90,Supreme Primarch's Awakening+,B8C44D5E,3099872606,27
GEEN_172_91,Supreme Primarch's Awe+,3EA4134B,1050940235,27
GEEN_172_92,Supreme Primarch's Nimbus+,7E3A52A3,2117751459,27
GEEN_172_93,Supreme Primarch's Warpath+,5D592FDD,1566126045,27
GEEN_210_94,Aegis V+,35637B96,895712150,27
GEEN_211_94,Regen V+,FA9FF841,4204787777,27
GEEN_212_94,Supplementary Damage V+,CE8AA073,3465191539,27
GEEN_213_94,Improved Guard V+,9E79AA31,2658773553,27
GEEN_220_94,Flight over Fight+,AC2ED9A4,2888751524,27
GEEN_221_94,Damage Cap V+,1834C3AA,406111146,27
GEEN_222_94,Potion Hoarder V+,65B73B3F,1706507071,27
GEEN_223_94,Tyranny V+,1F372593,523707795,27
GEEN_233_04,Berserker Echo,BCF91F80,3170443136,10
GEEN_233_24,Berserker Echo+,332E9B30,858692400,27
GEEN_234_04,Spartan Echo,346EDD73,879680883,10
GEEN_234_24,Spartan Echo+,938DB625,2475537957,27
GEEN_235_04,Super Ultimate Perfect Dodge,9393D637,2475939383,10
GEEN_235_24,Super Ultimate Perfect Dodge+,BBE831B2,3152556466,27
